id,record,sequence,page number,group,coordinates,thumb,zoom
ukmhl-b21539728-27,https://ukmhl.historicaltexts.jisc.ac.uk/elasticsearch/ukmhl/page/ukmhl-b21539728-27?routing=ukmhl-b21539728,27,23,b21539728,https://ukmhl.historicaltexts.jisc.ac.uk/media/web/ukmhl/5/items/b21539728/b21539728_alto/coordinates/27.json,https://ukmhl.historicaltexts.jisc.ac.uk/media/thumb/ukmhl/26/items/b21539728/b21539728_thumb/b21539728_0027.jpg,https://ukmhl.historicaltexts.jisc.ac.uk/media/zoom/ukmhl/26/items/b21539728/b21539728_jp2/b21539728_0027.jp2
ukmhl-b21539728-35,https://ukmhl.historicaltexts.jisc.ac.uk/elasticsearch/ukmhl/page/ukmhl-b21539728-35?routing=ukmhl-b21539728,35,31,b21539728,https://ukmhl.historicaltexts.jisc.ac.uk/media/web/ukmhl/5/items/b21539728/b21539728_alto/coordinates/35.json,https://ukmhl.historicaltexts.jisc.ac.uk/media/thumb/ukmhl/26/items/b21539728/b21539728_thumb/b21539728_0035.jpg,https://ukmhl.historicaltexts.jisc.ac.uk/media/zoom/ukmhl/26/items/b21539728/b21539728_jp2/b21539728_0035.jp2
ukmhl-b21539728-15,https://ukmhl.historicaltexts.jisc.ac.uk/elasticsearch/ukmhl/page/ukmhl-b21539728-15?routing=ukmhl-b21539728,15,11,b21539728,https://ukmhl.historicaltexts.jisc.ac.uk/media/web/ukmhl/5/items/b21539728/b21539728_alto/coordinates/15.json,https://ukmhl.historicaltexts.jisc.ac.uk/media/thumb/ukmhl/26/items/b21539728/b21539728_thumb/b21539728_0015.jpg,https://ukmhl.historicaltexts.jisc.ac.uk/media/zoom/ukmhl/26/items/b21539728/b21539728_jp2/b21539728_0015.jp2
ukmhl-b21539728-37,https://ukmhl.historicaltexts.jisc.ac.uk/elasticsearch/ukmhl/page/ukmhl-b21539728-37?routing=ukmhl-b21539728,37,33,b21539728,https://ukmhl.historicaltexts.jisc.ac.uk/media/web/ukmhl/5/items/b21539728/b21539728_alto/coordinates/37.json,https://ukmhl.historicaltexts.jisc.ac.uk/media/thumb/ukmhl/26/items/b21539728/b21539728_thumb/b21539728_0037.jpg,https://ukmhl.historicaltexts.jisc.ac.uk/media/zoom/ukmhl/26/items/b21539728/b21539728_jp2/b21539728_0037.jp2
ukmhl-b21539728-66,https://ukmhl.historicaltexts.jisc.ac.uk/elasticsearch/ukmhl/page/ukmhl-b21539728-66?routing=ukmhl-b21539728,66,62,b21539728,https://ukmhl.historicaltexts.jisc.ac.uk/media/web/ukmhl/5/items/b21539728/b21539728_alto/coordinates/66.json,https://ukmhl.historicaltexts.jisc.ac.uk/media/thumb/ukmhl/26/items/b21539728/b21539728_thumb/b21539728_0066.jpg,https://ukmhl.historicaltexts.jisc.ac.uk/media/zoom/ukmhl/26/items/b21539728/b21539728_jp2/b21539728_0066.jp2
ukmhl-b21539728-28,https://ukmhl.historicaltexts.jisc.ac.uk/elasticsearch/ukmhl/page/ukmhl-b21539728-28?routing=ukmhl-b21539728,28,24,b21539728,https://ukmhl.historicaltexts.jisc.ac.uk/media/web/ukmhl/5/items/b21539728/b21539728_alto/coordinates/28.json,https://ukmhl.historicaltexts.jisc.ac.uk/media/thumb/ukmhl/26/items/b21539728/b21539728_thumb/b21539728_0028.jpg,https://ukmhl.historicaltexts.jisc.ac.uk/media/zoom/ukmhl/26/items/b21539728/b21539728_jp2/b21539728_0028.jp2
ukmhl-b21539728-34,https://ukmhl.historicaltexts.jisc.ac.uk/elasticsearch/ukmhl/page/ukmhl-b21539728-34?routing=ukmhl-b21539728,34,30,b21539728,https://ukmhl.historicaltexts.jisc.ac.uk/media/web/ukmhl/5/items/b21539728/b21539728_alto/coordinates/34.json,https://ukmhl.historicaltexts.jisc.ac.uk/media/thumb/ukmhl/26/items/b21539728/b21539728_thumb/b21539728_0034.jpg,https://ukmhl.historicaltexts.jisc.ac.uk/media/zoom/ukmhl/26/items/b21539728/b21539728_jp2/b21539728_0034.jp2
ukmhl-b21539728-33,https://ukmhl.historicaltexts.jisc.ac.uk/elasticsearch/ukmhl/page/ukmhl-b21539728-33?routing=ukmhl-b21539728,33,29,b21539728,https://ukmhl.historicaltexts.jisc.ac.uk/media/web/ukmhl/5/items/b21539728/b21539728_alto/coordinates/33.json,https://ukmhl.historicaltexts.jisc.ac.uk/media/thumb/ukmhl/26/items/b21539728/b21539728_thumb/b21539728_0033.jpg,https://ukmhl.historicaltexts.jisc.ac.uk/media/zoom/ukmhl/26/items/b21539728/b21539728_jp2/b21539728_0033.jp2
ukmhl-b21539728-41,https://ukmhl.historicaltexts.jisc.ac.uk/elasticsearch/ukmhl/page/ukmhl-b21539728-41?routing=ukmhl-b21539728,41,37,b21539728,https://ukmhl.historicaltexts.jisc.ac.uk/media/web/ukmhl/5/items/b21539728/b21539728_alto/coordinates/41.json,https://ukmhl.historicaltexts.jisc.ac.uk/media/thumb/ukmhl/26/items/b21539728/b21539728_thumb/b21539728_0041.jpg,https://ukmhl.historicaltexts.jisc.ac.uk/media/zoom/ukmhl/26/items/b21539728/b21539728_jp2/b21539728_0041.jp2
ukmhl-b21539728-73,https://ukmhl.historicaltexts.jisc.ac.uk/elasticsearch/ukmhl/page/ukmhl-b21539728-73?routing=ukmhl-b21539728,73,69,b21539728,https://ukmhl.historicaltexts.jisc.ac.uk/media/web/ukmhl/5/items/b21539728/b21539728_alto/coordinates/73.json,https://ukmhl.historicaltexts.jisc.ac.uk/media/thumb/ukmhl/26/items/b21539728/b21539728_thumb/b21539728_0073.jpg,https://ukmhl.historicaltexts.jisc.ac.uk/media/zoom/ukmhl/26/items/b21539728/b21539728_jp2/b21539728_0073.jp2
ukmhl-b21539728-32,https://ukmhl.historicaltexts.jisc.ac.uk/elasticsearch/ukmhl/page/ukmhl-b21539728-32?routing=ukmhl-b21539728,32,28,b21539728,https://ukmhl.historicaltexts.jisc.ac.uk/media/web/ukmhl/5/items/b21539728/b21539728_alto/coordinates/32.json,https://ukmhl.historicaltexts.jisc.ac.uk/media/thumb/ukmhl/26/items/b21539728/b21539728_thumb/b21539728_0032.jpg,https://ukmhl.historicaltexts.jisc.ac.uk/media/zoom/ukmhl/26/items/b21539728/b21539728_jp2/b21539728_0032.jp2
ukmhl-b21539728-65,https://ukmhl.historicaltexts.jisc.ac.uk/elasticsearch/ukmhl/page/ukmhl-b21539728-65?routing=ukmhl-b21539728,65,61,b21539728,https://ukmhl.historicaltexts.jisc.ac.uk/media/web/ukmhl/5/items/b21539728/b21539728_alto/coordinates/65.json,https://ukmhl.historicaltexts.jisc.ac.uk/media/thumb/ukmhl/26/items/b21539728/b21539728_thumb/b21539728_0065.jpg,https://ukmhl.historicaltexts.jisc.ac.uk/media/zoom/ukmhl/26/items/b21539728/b21539728_jp2/b21539728_0065.jp2
ukmhl-b21539728-48,https://ukmhl.historicaltexts.jisc.ac.uk/elasticsearch/ukmhl/page/ukmhl-b21539728-48?routing=ukmhl-b21539728,48,44,b21539728,https://ukmhl.historicaltexts.jisc.ac.uk/media/web/ukmhl/5/items/b21539728/b21539728_alto/coordinates/48.json,https://ukmhl.historicaltexts.jisc.ac.uk/media/thumb/ukmhl/26/items/b21539728/b21539728_thumb/b21539728_0048.jpg,https://ukmhl.historicaltexts.jisc.ac.uk/media/zoom/ukmhl/26/items/b21539728/b21539728_jp2/b21539728_0048.jp2
ukmhl-b21539728-17,https://ukmhl.historicaltexts.jisc.ac.uk/elasticsearch/ukmhl/page/ukmhl-b21539728-17?routing=ukmhl-b21539728,17,13,b21539728,https://ukmhl.historicaltexts.jisc.ac.uk/media/web/ukmhl/5/items/b21539728/b21539728_alto/coordinates/17.json,https://ukmhl.historicaltexts.jisc.ac.uk/media/thumb/ukmhl/26/items/b21539728/b21539728_thumb/b21539728_0017.jpg,https://ukmhl.historicaltexts.jisc.ac.uk/media/zoom/ukmhl/26/items/b21539728/b21539728_jp2/b21539728_0017.jp2
ukmhl-b21539728-51,https://ukmhl.historicaltexts.jisc.ac.uk/elasticsearch/ukmhl/page/ukmhl-b21539728-51?routing=ukmhl-b21539728,51,47,b21539728,https://ukmhl.historicaltexts.jisc.ac.uk/media/web/ukmhl/5/items/b21539728/b21539728_alto/coordinates/51.json,https://ukmhl.historicaltexts.jisc.ac.uk/media/thumb/ukmhl/26/items/b21539728/b21539728_thumb/b21539728_0051.jpg,https://ukmhl.historicaltexts.jisc.ac.uk/media/zoom/ukmhl/26/items/b21539728/b21539728_jp2/b21539728_0051.jp2
ukmhl-b21539728-69,https://ukmhl.historicaltexts.jisc.ac.uk/elasticsearch/ukmhl/page/ukmhl-b21539728-69?routing=ukmhl-b21539728,69,65,b21539728,https://ukmhl.historicaltexts.jisc.ac.uk/media/web/ukmhl/5/items/b21539728/b21539728_alto/coordinates/69.json,https://ukmhl.historicaltexts.jisc.ac.uk/media/thumb/ukmhl/26/items/b21539728/b21539728_thumb/b21539728_0069.jpg,https://ukmhl.historicaltexts.jisc.ac.uk/media/zoom/ukmhl/26/items/b21539728/b21539728_jp2/b21539728_0069.jp2
ukmhl-b21539728-24,https://ukmhl.historicaltexts.jisc.ac.uk/elasticsearch/ukmhl/page/ukmhl-b21539728-24?routing=ukmhl-b21539728,24,20,b21539728,https://ukmhl.historicaltexts.jisc.ac.uk/media/web/ukmhl/5/items/b21539728/b21539728_alto/coordinates/24.json,https://ukmhl.historicaltexts.jisc.ac.uk/media/thumb/ukmhl/26/items/b21539728/b21539728_thumb/b21539728_0024.jpg,https://ukmhl.historicaltexts.jisc.ac.uk/media/zoom/ukmhl/26/items/b21539728/b21539728_jp2/b21539728_0024.jp2
ukmhl-b21539728-59,https://ukmhl.historicaltexts.jisc.ac.uk/elasticsearch/ukmhl/page/ukmhl-b21539728-59?routing=ukmhl-b21539728,59,55,b21539728,https://ukmhl.historicaltexts.jisc.ac.uk/media/web/ukmhl/5/items/b21539728/b21539728_alto/coordinates/59.json,https://ukmhl.historicaltexts.jisc.ac.uk/media/thumb/ukmhl/26/items/b21539728/b21539728_thumb/b21539728_0059.jpg,https://ukmhl.historicaltexts.jisc.ac.uk/media/zoom/ukmhl/26/items/b21539728/b21539728_jp2/b21539728_0059.jp2
ukmhl-b21539728-39,https://ukmhl.historicaltexts.jisc.ac.uk/elasticsearch/ukmhl/page/ukmhl-b21539728-39?routing=ukmhl-b21539728,39,35,b21539728,https://ukmhl.historicaltexts.jisc.ac.uk/media/web/ukmhl/5/items/b21539728/b21539728_alto/coordinates/39.json,https://ukmhl.historicaltexts.jisc.ac.uk/media/thumb/ukmhl/26/items/b21539728/b21539728_thumb/b21539728_0039.jpg,https://ukmhl.historicaltexts.jisc.ac.uk/media/zoom/ukmhl/26/items/b21539728/b21539728_jp2/b21539728_0039.jp2
ukmhl-b21539728-26,https://ukmhl.historicaltexts.jisc.ac.uk/elasticsearch/ukmhl/page/ukmhl-b21539728-26?routing=ukmhl-b21539728,26,22,b21539728,https://ukmhl.historicaltexts.jisc.ac.uk/media/web/ukmhl/5/items/b21539728/b21539728_alto/coordinates/26.json,https://ukmhl.historicaltexts.jisc.ac.uk/media/thumb/ukmhl/26/items/b21539728/b21539728_thumb/b21539728_0026.jpg,https://ukmhl.historicaltexts.jisc.ac.uk/media/zoom/ukmhl/26/items/b21539728/b21539728_jp2/b21539728_0026.jp2
ukmhl-b21539728-63,https://ukmhl.historicaltexts.jisc.ac.uk/elasticsearch/ukmhl/page/ukmhl-b21539728-63?routing=ukmhl-b21539728,63,59,b21539728,https://ukmhl.historicaltexts.jisc.ac.uk/media/web/ukmhl/5/items/b21539728/b21539728_alto/coordinates/63.json,https://ukmhl.historicaltexts.jisc.ac.uk/media/thumb/ukmhl/26/items/b21539728/b21539728_thumb/b21539728_0063.jpg,https://ukmhl.historicaltexts.jisc.ac.uk/media/zoom/ukmhl/26/items/b21539728/b21539728_jp2/b21539728_0063.jp2
ukmhl-b21539728-67,https://ukmhl.historicaltexts.jisc.ac.uk/elasticsearch/ukmhl/page/ukmhl-b21539728-67?routing=ukmhl-b21539728,67,63,b21539728,https://ukmhl.historicaltexts.jisc.ac.uk/media/web/ukmhl/5/items/b21539728/b21539728_alto/coordinates/67.json,https://ukmhl.historicaltexts.jisc.ac.uk/media/thumb/ukmhl/26/items/b21539728/b21539728_thumb/b21539728_0067.jpg,https://ukmhl.historicaltexts.jisc.ac.uk/media/zoom/ukmhl/26/items/b21539728/b21539728_jp2/b21539728_0067.jp2
ukmhl-b21539728-14,https://ukmhl.historicaltexts.jisc.ac.uk/elasticsearch/ukmhl/page/ukmhl-b21539728-14?routing=ukmhl-b21539728,14,10,b21539728,https://ukmhl.historicaltexts.jisc.ac.uk/media/web/ukmhl/5/items/b21539728/b21539728_alto/coordinates/14.json,https://ukmhl.historicaltexts.jisc.ac.uk/media/thumb/ukmhl/26/items/b21539728/b21539728_thumb/b21539728_0014.jpg,https://ukmhl.historicaltexts.jisc.ac.uk/media/zoom/ukmhl/26/items/b21539728/b21539728_jp2/b21539728_0014.jp2
ukmhl-b21539728-45,https://ukmhl.historicaltexts.jisc.ac.uk/elasticsearch/ukmhl/page/ukmhl-b21539728-45?routing=ukmhl-b21539728,45,-,b21539728,https://ukmhl.historicaltexts.jisc.ac.uk/media/web/ukmhl/5/items/b21539728/b21539728_alto/coordinates/45.json,https://ukmhl.historicaltexts.jisc.ac.uk/media/thumb/ukmhl/26/items/b21539728/b21539728_thumb/b21539728_0045.jpg,https://ukmhl.historicaltexts.jisc.ac.uk/media/zoom/ukmhl/26/items/b21539728/b21539728_jp2/b21539728_0045.jp2
ukmhl-b21539728-76,https://ukmhl.historicaltexts.jisc.ac.uk/elasticsearch/ukmhl/page/ukmhl-b21539728-76?routing=ukmhl-b21539728,76,72,b21539728,https://ukmhl.historicaltexts.jisc.ac.uk/media/web/ukmhl/5/items/b21539728/b21539728_alto/coordinates/76.json,https://ukmhl.historicaltexts.jisc.ac.uk/media/thumb/ukmhl/26/items/b21539728/b21539728_thumb/b21539728_0076.jpg,https://ukmhl.historicaltexts.jisc.ac.uk/media/zoom/ukmhl/26/items/b21539728/b21539728_jp2/b21539728_0076.jp2
ukmhl-b21539728-29,https://ukmhl.historicaltexts.jisc.ac.uk/elasticsearch/ukmhl/page/ukmhl-b21539728-29?routing=ukmhl-b21539728,29,25,b21539728,https://ukmhl.historicaltexts.jisc.ac.uk/media/web/ukmhl/5/items/b21539728/b21539728_alto/coordinates/29.json,https://ukmhl.historicaltexts.jisc.ac.uk/media/thumb/ukmhl/26/items/b21539728/b21539728_thumb/b21539728_0029.jpg,https://ukmhl.historicaltexts.jisc.ac.uk/media/zoom/ukmhl/26/items/b21539728/b21539728_jp2/b21539728_0029.jp2
ukmhl-b21539728-70,https://ukmhl.historicaltexts.jisc.ac.uk/elasticsearch/ukmhl/page/ukmhl-b21539728-70?routing=ukmhl-b21539728,70,66,b21539728,https://ukmhl.historicaltexts.jisc.ac.uk/media/web/ukmhl/5/items/b21539728/b21539728_alto/coordinates/70.json,https://ukmhl.historicaltexts.jisc.ac.uk/media/thumb/ukmhl/26/items/b21539728/b21539728_thumb/b21539728_0070.jpg,https://ukmhl.historicaltexts.jisc.ac.uk/media/zoom/ukmhl/26/items/b21539728/b21539728_jp2/b21539728_0070.jp2
ukmhl-b21539728-56,https://ukmhl.historicaltexts.jisc.ac.uk/elasticsearch/ukmhl/page/ukmhl-b21539728-56?routing=ukmhl-b21539728,56,52,b21539728,https://ukmhl.historicaltexts.jisc.ac.uk/media/web/ukmhl/5/items/b21539728/b21539728_alto/coordinates/56.json,https://ukmhl.historicaltexts.jisc.ac.uk/media/thumb/ukmhl/26/items/b21539728/b21539728_thumb/b21539728_0056.jpg,https://ukmhl.historicaltexts.jisc.ac.uk/media/zoom/ukmhl/26/items/b21539728/b21539728_jp2/b21539728_0056.jp2
ukmhl-b21539728-54,https://ukmhl.historicaltexts.jisc.ac.uk/elasticsearch/ukmhl/page/ukmhl-b21539728-54?routing=ukmhl-b21539728,54,50,b21539728,https://ukmhl.historicaltexts.jisc.ac.uk/media/web/ukmhl/5/items/b21539728/b21539728_alto/coordinates/54.json,https://ukmhl.historicaltexts.jisc.ac.uk/media/thumb/ukmhl/26/items/b21539728/b21539728_thumb/b21539728_0054.jpg,https://ukmhl.historicaltexts.jisc.ac.uk/media/zoom/ukmhl/26/items/b21539728/b21539728_jp2/b21539728_0054.jp2
ukmhl-b21539728-36,https://ukmhl.historicaltexts.jisc.ac.uk/elasticsearch/ukmhl/page/ukmhl-b21539728-36?routing=ukmhl-b21539728,36,32,b21539728,https://ukmhl.historicaltexts.jisc.ac.uk/media/web/ukmhl/5/items/b21539728/b21539728_alto/coordinates/36.json,https://ukmhl.historicaltexts.jisc.ac.uk/media/thumb/ukmhl/26/items/b21539728/b21539728_thumb/b21539728_0036.jpg,https://ukmhl.historicaltexts.jisc.ac.uk/media/zoom/ukmhl/26/items/b21539728/b21539728_jp2/b21539728_0036.jp2
ukmhl-b21539728-68,https://ukmhl.historicaltexts.jisc.ac.uk/elasticsearch/ukmhl/page/ukmhl-b21539728-68?routing=ukmhl-b21539728,68,64,b21539728,https://ukmhl.historicaltexts.jisc.ac.uk/media/web/ukmhl/5/items/b21539728/b21539728_alto/coordinates/68.json,https://ukmhl.historicaltexts.jisc.ac.uk/media/thumb/ukmhl/26/items/b21539728/b21539728_thumb/b21539728_0068.jpg,https://ukmhl.historicaltexts.jisc.ac.uk/media/zoom/ukmhl/26/items/b21539728/b21539728_jp2/b21539728_0068.jp2
ukmhl-b21539728-40,https://ukmhl.historicaltexts.jisc.ac.uk/elasticsearch/ukmhl/page/ukmhl-b21539728-40?routing=ukmhl-b21539728,40,36,b21539728,https://ukmhl.historicaltexts.jisc.ac.uk/media/web/ukmhl/5/items/b21539728/b21539728_alto/coordinates/40.json,https://ukmhl.historicaltexts.jisc.ac.uk/media/thumb/ukmhl/26/items/b21539728/b21539728_thumb/b21539728_0040.jpg,https://ukmhl.historicaltexts.jisc.ac.uk/media/zoom/ukmhl/26/items/b21539728/b21539728_jp2/b21539728_0040.jp2
ukmhl-b21539728-52,https://ukmhl.historicaltexts.jisc.ac.uk/elasticsearch/ukmhl/page/ukmhl-b21539728-52?routing=ukmhl-b21539728,52,48,b21539728,https://ukmhl.historicaltexts.jisc.ac.uk/media/web/ukmhl/5/items/b21539728/b21539728_alto/coordinates/52.json,https://ukmhl.historicaltexts.jisc.ac.uk/media/thumb/ukmhl/26/items/b21539728/b21539728_thumb/b21539728_0052.jpg,https://ukmhl.historicaltexts.jisc.ac.uk/media/zoom/ukmhl/26/items/b21539728/b21539728_jp2/b21539728_0052.jp2
ukmhl-b21539728-31,https://ukmhl.historicaltexts.jisc.ac.uk/elasticsearch/ukmhl/page/ukmhl-b21539728-31?routing=ukmhl-b21539728,31,27,b21539728,https://ukmhl.historicaltexts.jisc.ac.uk/media/web/ukmhl/5/items/b21539728/b21539728_alto/coordinates/31.json,https://ukmhl.historicaltexts.jisc.ac.uk/media/thumb/ukmhl/26/items/b21539728/b21539728_thumb/b21539728_0031.jpg,https://ukmhl.historicaltexts.jisc.ac.uk/media/zoom/ukmhl/26/items/b21539728/b21539728_jp2/b21539728_0031.jp2
ukmhl-b21539728-42,https://ukmhl.historicaltexts.jisc.ac.uk/elasticsearch/ukmhl/page/ukmhl-b21539728-42?routing=ukmhl-b21539728,42,38,b21539728,https://ukmhl.historicaltexts.jisc.ac.uk/media/web/ukmhl/5/items/b21539728/b21539728_alto/coordinates/42.json,https://ukmhl.historicaltexts.jisc.ac.uk/media/thumb/ukmhl/26/items/b21539728/b21539728_thumb/b21539728_0042.jpg,https://ukmhl.historicaltexts.jisc.ac.uk/media/zoom/ukmhl/26/items/b21539728/b21539728_jp2/b21539728_0042.jp2
ukmhl-b21539728-74,https://ukmhl.historicaltexts.jisc.ac.uk/elasticsearch/ukmhl/page/ukmhl-b21539728-74?routing=ukmhl-b21539728,74,70,b21539728,https://ukmhl.historicaltexts.jisc.ac.uk/media/web/ukmhl/5/items/b21539728/b21539728_alto/coordinates/74.json,https://ukmhl.historicaltexts.jisc.ac.uk/media/thumb/ukmhl/26/items/b21539728/b21539728_thumb/b21539728_0074.jpg,https://ukmhl.historicaltexts.jisc.ac.uk/media/zoom/ukmhl/26/items/b21539728/b21539728_jp2/b21539728_0074.jp2
ukmhl-b21539728-58,https://ukmhl.historicaltexts.jisc.ac.uk/elasticsearch/ukmhl/page/ukmhl-b21539728-58?routing=ukmhl-b21539728,58,54,b21539728,https://ukmhl.historicaltexts.jisc.ac.uk/media/web/ukmhl/5/items/b21539728/b21539728_alto/coordinates/58.json,https://ukmhl.historicaltexts.jisc.ac.uk/media/thumb/ukmhl/26/items/b21539728/b21539728_thumb/b21539728_0058.jpg,https://ukmhl.historicaltexts.jisc.ac.uk/media/zoom/ukmhl/26/items/b21539728/b21539728_jp2/b21539728_0058.jp2
ukmhl-b21539728-53,https://ukmhl.historicaltexts.jisc.ac.uk/elasticsearch/ukmhl/page/ukmhl-b21539728-53?routing=ukmhl-b21539728,53,49,b21539728,https://ukmhl.historicaltexts.jisc.ac.uk/media/web/ukmhl/5/items/b21539728/b21539728_alto/coordinates/53.json,https://ukmhl.historicaltexts.jisc.ac.uk/media/thumb/ukmhl/26/items/b21539728/b21539728_thumb/b21539728_0053.jpg,https://ukmhl.historicaltexts.jisc.ac.uk/media/zoom/ukmhl/26/items/b21539728/b21539728_jp2/b21539728_0053.jp2
ukmhl-b21539728-11,https://ukmhl.historicaltexts.jisc.ac.uk/elasticsearch/ukmhl/page/ukmhl-b21539728-11?routing=ukmhl-b21539728,11,7,b21539728,https://ukmhl.historicaltexts.jisc.ac.uk/media/web/ukmhl/5/items/b21539728/b21539728_alto/coordinates/11.json,https://ukmhl.historicaltexts.jisc.ac.uk/media/thumb/ukmhl/26/items/b21539728/b21539728_thumb/b21539728_0011.jpg,https://ukmhl.historicaltexts.jisc.ac.uk/media/zoom/ukmhl/26/items/b21539728/b21539728_jp2/b21539728_0011.jp2
ukmhl-b21539728-22,https://ukmhl.historicaltexts.jisc.ac.uk/elasticsearch/ukmhl/page/ukmhl-b21539728-22?routing=ukmhl-b21539728,22,18,b21539728,https://ukmhl.historicaltexts.jisc.ac.uk/media/web/ukmhl/5/items/b21539728/b21539728_alto/coordinates/22.json,https://ukmhl.historicaltexts.jisc.ac.uk/media/thumb/ukmhl/26/items/b21539728/b21539728_thumb/b21539728_0022.jpg,https://ukmhl.historicaltexts.jisc.ac.uk/media/zoom/ukmhl/26/items/b21539728/b21539728_jp2/b21539728_0022.jp2
ukmhl-b21539728-18,https://ukmhl.historicaltexts.jisc.ac.uk/elasticsearch/ukmhl/page/ukmhl-b21539728-18?routing=ukmhl-b21539728,18,14,b21539728,https://ukmhl.historicaltexts.jisc.ac.uk/media/web/ukmhl/5/items/b21539728/b21539728_alto/coordinates/18.json,https://ukmhl.historicaltexts.jisc.ac.uk/media/thumb/ukmhl/26/items/b21539728/b21539728_thumb/b21539728_0018.jpg,https://ukmhl.historicaltexts.jisc.ac.uk/media/zoom/ukmhl/26/items/b21539728/b21539728_jp2/b21539728_0018.jp2
ukmhl-b21539728-60,https://ukmhl.historicaltexts.jisc.ac.uk/elasticsearch/ukmhl/page/ukmhl-b21539728-60?routing=ukmhl-b21539728,60,56,b21539728,https://ukmhl.historicaltexts.jisc.ac.uk/media/web/ukmhl/5/items/b21539728/b21539728_alto/coordinates/60.json,https://ukmhl.historicaltexts.jisc.ac.uk/media/thumb/ukmhl/26/items/b21539728/b21539728_thumb/b21539728_0060.jpg,https://ukmhl.historicaltexts.jisc.ac.uk/media/zoom/ukmhl/26/items/b21539728/b21539728_jp2/b21539728_0060.jp2
ukmhl-b21539728-61,https://ukmhl.historicaltexts.jisc.ac.uk/elasticsearch/ukmhl/page/ukmhl-b21539728-61?routing=ukmhl-b21539728,61,57,b21539728,https://ukmhl.historicaltexts.jisc.ac.uk/media/web/ukmhl/5/items/b21539728/b21539728_alto/coordinates/61.json,https://ukmhl.historicaltexts.jisc.ac.uk/media/thumb/ukmhl/26/items/b21539728/b21539728_thumb/b21539728_0061.jpg,https://ukmhl.historicaltexts.jisc.ac.uk/media/zoom/ukmhl/26/items/b21539728/b21539728_jp2/b21539728_0061.jp2
ukmhl-b21539728-20,https://ukmhl.historicaltexts.jisc.ac.uk/elasticsearch/ukmhl/page/ukmhl-b21539728-20?routing=ukmhl-b21539728,20,16,b21539728,https://ukmhl.historicaltexts.jisc.ac.uk/media/web/ukmhl/5/items/b21539728/b21539728_alto/coordinates/20.json,https://ukmhl.historicaltexts.jisc.ac.uk/media/thumb/ukmhl/26/items/b21539728/b21539728_thumb/b21539728_0020.jpg,https://ukmhl.historicaltexts.jisc.ac.uk/media/zoom/ukmhl/26/items/b21539728/b21539728_jp2/b21539728_0020.jp2
ukmhl-b21539728-21,https://ukmhl.historicaltexts.jisc.ac.uk/elasticsearch/ukmhl/page/ukmhl-b21539728-21?routing=ukmhl-b21539728,21,17,b21539728,https://ukmhl.historicaltexts.jisc.ac.uk/media/web/ukmhl/5/items/b21539728/b21539728_alto/coordinates/21.json,https://ukmhl.historicaltexts.jisc.ac.uk/media/thumb/ukmhl/26/items/b21539728/b21539728_thumb/b21539728_0021.jpg,https://ukmhl.historicaltexts.jisc.ac.uk/media/zoom/ukmhl/26/items/b21539728/b21539728_jp2/b21539728_0021.jp2
ukmhl-b21539728-64,https://ukmhl.historicaltexts.jisc.ac.uk/elasticsearch/ukmhl/page/ukmhl-b21539728-64?routing=ukmhl-b21539728,64,60,b21539728,https://ukmhl.historicaltexts.jisc.ac.uk/media/web/ukmhl/5/items/b21539728/b21539728_alto/coordinates/64.json,https://ukmhl.historicaltexts.jisc.ac.uk/media/thumb/ukmhl/26/items/b21539728/b21539728_thumb/b21539728_0064.jpg,https://ukmhl.historicaltexts.jisc.ac.uk/media/zoom/ukmhl/26/items/b21539728/b21539728_jp2/b21539728_0064.jp2
ukmhl-b21539728-30,https://ukmhl.historicaltexts.jisc.ac.uk/elasticsearch/ukmhl/page/ukmhl-b21539728-30?routing=ukmhl-b21539728,30,26,b21539728,https://ukmhl.historicaltexts.jisc.ac.uk/media/web/ukmhl/5/items/b21539728/b21539728_alto/coordinates/30.json,https://ukmhl.historicaltexts.jisc.ac.uk/media/thumb/ukmhl/26/items/b21539728/b21539728_thumb/b21539728_0030.jpg,https://ukmhl.historicaltexts.jisc.ac.uk/media/zoom/ukmhl/26/items/b21539728/b21539728_jp2/b21539728_0030.jp2
ukmhl-b21539728-6,https://ukmhl.historicaltexts.jisc.ac.uk/elasticsearch/ukmhl/page/ukmhl-b21539728-6?routing=ukmhl-b21539728,6,2,b21539728,https://ukmhl.historicaltexts.jisc.ac.uk/media/web/ukmhl/5/items/b21539728/b21539728_alto/coordinates/6.json,https://ukmhl.historicaltexts.jisc.ac.uk/media/thumb/ukmhl/26/items/b21539728/b21539728_thumb/b21539728_0006.jpg,https://ukmhl.historicaltexts.jisc.ac.uk/media/zoom/ukmhl/26/items/b21539728/b21539728_jp2/b21539728_0006.jp2
ukmhl-b21539728-57,https://ukmhl.historicaltexts.jisc.ac.uk/elasticsearch/ukmhl/page/ukmhl-b21539728-57?routing=ukmhl-b21539728,57,53,b21539728,https://ukmhl.historicaltexts.jisc.ac.uk/media/web/ukmhl/5/items/b21539728/b21539728_alto/coordinates/57.json,https://ukmhl.historicaltexts.jisc.ac.uk/media/thumb/ukmhl/26/items/b21539728/b21539728_thumb/b21539728_0057.jpg,https://ukmhl.historicaltexts.jisc.ac.uk/media/zoom/ukmhl/26/items/b21539728/b21539728_jp2/b21539728_0057.jp2
ukmhl-b21539728-13,https://ukmhl.historicaltexts.jisc.ac.uk/elasticsearch/ukmhl/page/ukmhl-b21539728-13?routing=ukmhl-b21539728,13,9,b21539728,https://ukmhl.historicaltexts.jisc.ac.uk/media/web/ukmhl/5/items/b21539728/b21539728_alto/coordinates/13.json,https://ukmhl.historicaltexts.jisc.ac.uk/media/thumb/ukmhl/26/items/b21539728/b21539728_thumb/b21539728_0013.jpg,https://ukmhl.historicaltexts.jisc.ac.uk/media/zoom/ukmhl/26/items/b21539728/b21539728_jp2/b21539728_0013.jp2
ukmhl-b21539728-44,https://ukmhl.historicaltexts.jisc.ac.uk/elasticsearch/ukmhl/page/ukmhl-b21539728-44?routing=ukmhl-b21539728,44,42,b21539728,https://ukmhl.historicaltexts.jisc.ac.uk/media/web/ukmhl/5/items/b21539728/b21539728_alto/coordinates/44.json,https://ukmhl.historicaltexts.jisc.ac.uk/media/thumb/ukmhl/26/items/b21539728/b21539728_thumb/b21539728_0044.jpg,https://ukmhl.historicaltexts.jisc.ac.uk/media/zoom/ukmhl/26/items/b21539728/b21539728_jp2/b21539728_0044.jp2
ukmhl-b21539728-19,https://ukmhl.historicaltexts.jisc.ac.uk/elasticsearch/ukmhl/page/ukmhl-b21539728-19?routing=ukmhl-b21539728,19,15,b21539728,https://ukmhl.historicaltexts.jisc.ac.uk/media/web/ukmhl/5/items/b21539728/b21539728_alto/coordinates/19.json,https://ukmhl.historicaltexts.jisc.ac.uk/media/thumb/ukmhl/26/items/b21539728/b21539728_thumb/b21539728_0019.jpg,https://ukmhl.historicaltexts.jisc.ac.uk/media/zoom/ukmhl/26/items/b21539728/b21539728_jp2/b21539728_0019.jp2
ukmhl-b21539728-62,https://ukmhl.historicaltexts.jisc.ac.uk/elasticsearch/ukmhl/page/ukmhl-b21539728-62?routing=ukmhl-b21539728,62,58,b21539728,https://ukmhl.historicaltexts.jisc.ac.uk/media/web/ukmhl/5/items/b21539728/b21539728_alto/coordinates/62.json,https://ukmhl.historicaltexts.jisc.ac.uk/media/thumb/ukmhl/26/items/b21539728/b21539728_thumb/b21539728_0062.jpg,https://ukmhl.historicaltexts.jisc.ac.uk/media/zoom/ukmhl/26/items/b21539728/b21539728_jp2/b21539728_0062.jp2
ukmhl-b21539728-43,https://ukmhl.historicaltexts.jisc.ac.uk/elasticsearch/ukmhl/page/ukmhl-b21539728-43?routing=ukmhl-b21539728,43,39,b21539728,https://ukmhl.historicaltexts.jisc.ac.uk/media/web/ukmhl/5/items/b21539728/b21539728_alto/coordinates/43.json,https://ukmhl.historicaltexts.jisc.ac.uk/media/thumb/ukmhl/26/items/b21539728/b21539728_thumb/b21539728_0043.jpg,https://ukmhl.historicaltexts.jisc.ac.uk/media/zoom/ukmhl/26/items/b21539728/b21539728_jp2/b21539728_0043.jp2
ukmhl-b21539728-50,https://ukmhl.historicaltexts.jisc.ac.uk/elasticsearch/ukmhl/page/ukmhl-b21539728-50?routing=ukmhl-b21539728,50,46,b21539728,https://ukmhl.historicaltexts.jisc.ac.uk/media/web/ukmhl/5/items/b21539728/b21539728_alto/coordinates/50.json,https://ukmhl.historicaltexts.jisc.ac.uk/media/thumb/ukmhl/26/items/b21539728/b21539728_thumb/b21539728_0050.jpg,https://ukmhl.historicaltexts.jisc.ac.uk/media/zoom/ukmhl/26/items/b21539728/b21539728_jp2/b21539728_0050.jp2
ukmhl-b21539728-23,https://ukmhl.historicaltexts.jisc.ac.uk/elasticsearch/ukmhl/page/ukmhl-b21539728-23?routing=ukmhl-b21539728,23,19,b21539728,https://ukmhl.historicaltexts.jisc.ac.uk/media/web/ukmhl/5/items/b21539728/b21539728_alto/coordinates/23.json,https://ukmhl.historicaltexts.jisc.ac.uk/media/thumb/ukmhl/26/items/b21539728/b21539728_thumb/b21539728_0023.jpg,https://ukmhl.historicaltexts.jisc.ac.uk/media/zoom/ukmhl/26/items/b21539728/b21539728_jp2/b21539728_0023.jp2
ukmhl-b21539728-10,https://ukmhl.historicaltexts.jisc.ac.uk/elasticsearch/ukmhl/page/ukmhl-b21539728-10?routing=ukmhl-b21539728,10,6,b21539728,https://ukmhl.historicaltexts.jisc.ac.uk/media/web/ukmhl/5/items/b21539728/b21539728_alto/coordinates/10.json,https://ukmhl.historicaltexts.jisc.ac.uk/media/thumb/ukmhl/26/items/b21539728/b21539728_thumb/b21539728_0010.jpg,https://ukmhl.historicaltexts.jisc.ac.uk/media/zoom/ukmhl/26/items/b21539728/b21539728_jp2/b21539728_0010.jp2
ukmhl-b21539728-75,https://ukmhl.historicaltexts.jisc.ac.uk/elasticsearch/ukmhl/page/ukmhl-b21539728-75?routing=ukmhl-b21539728,75,71,b21539728,https://ukmhl.historicaltexts.jisc.ac.uk/media/web/ukmhl/5/items/b21539728/b21539728_alto/coordinates/75.json,https://ukmhl.historicaltexts.jisc.ac.uk/media/thumb/ukmhl/26/items/b21539728/b21539728_thumb/b21539728_0075.jpg,https://ukmhl.historicaltexts.jisc.ac.uk/media/zoom/ukmhl/26/items/b21539728/b21539728_jp2/b21539728_0075.jp2
ukmhl-b21539728-8,https://ukmhl.historicaltexts.jisc.ac.uk/elasticsearch/ukmhl/page/ukmhl-b21539728-8?routing=ukmhl-b21539728,8,4,b21539728,https://ukmhl.historicaltexts.jisc.ac.uk/media/web/ukmhl/5/items/b21539728/b21539728_alto/coordinates/8.json,https://ukmhl.historicaltexts.jisc.ac.uk/media/thumb/ukmhl/26/items/b21539728/b21539728_thumb/b21539728_0008.jpg,https://ukmhl.historicaltexts.jisc.ac.uk/media/zoom/ukmhl/26/items/b21539728/b21539728_jp2/b21539728_0008.jp2
ukmhl-b21539728-25,https://ukmhl.historicaltexts.jisc.ac.uk/elasticsearch/ukmhl/page/ukmhl-b21539728-25?routing=ukmhl-b21539728,25,21,b21539728,https://ukmhl.historicaltexts.jisc.ac.uk/media/web/ukmhl/5/items/b21539728/b21539728_alto/coordinates/25.json,https://ukmhl.historicaltexts.jisc.ac.uk/media/thumb/ukmhl/26/items/b21539728/b21539728_thumb/b21539728_0025.jpg,https://ukmhl.historicaltexts.jisc.ac.uk/media/zoom/ukmhl/26/items/b21539728/b21539728_jp2/b21539728_0025.jp2
ukmhl-b21539728-16,https://ukmhl.historicaltexts.jisc.ac.uk/elasticsearch/ukmhl/page/ukmhl-b21539728-16?routing=ukmhl-b21539728,16,12,b21539728,https://ukmhl.historicaltexts.jisc.ac.uk/media/web/ukmhl/5/items/b21539728/b21539728_alto/coordinates/16.json,https://ukmhl.historicaltexts.jisc.ac.uk/media/thumb/ukmhl/26/items/b21539728/b21539728_thumb/b21539728_0016.jpg,https://ukmhl.historicaltexts.jisc.ac.uk/media/zoom/ukmhl/26/items/b21539728/b21539728_jp2/b21539728_0016.jp2
ukmhl-b21539728-7,https://ukmhl.historicaltexts.jisc.ac.uk/elasticsearch/ukmhl/page/ukmhl-b21539728-7?routing=ukmhl-b21539728,7,3,b21539728,https://ukmhl.historicaltexts.jisc.ac.uk/media/web/ukmhl/5/items/b21539728/b21539728_alto/coordinates/7.json,https://ukmhl.historicaltexts.jisc.ac.uk/media/thumb/ukmhl/26/items/b21539728/b21539728_thumb/b21539728_0007.jpg,https://ukmhl.historicaltexts.jisc.ac.uk/media/zoom/ukmhl/26/items/b21539728/b21539728_jp2/b21539728_0007.jp2
ukmhl-b21539728-49,https://ukmhl.historicaltexts.jisc.ac.uk/elasticsearch/ukmhl/page/ukmhl-b21539728-49?routing=ukmhl-b21539728,49,45,b21539728,https://ukmhl.historicaltexts.jisc.ac.uk/media/web/ukmhl/5/items/b21539728/b21539728_alto/coordinates/49.json,https://ukmhl.historicaltexts.jisc.ac.uk/media/thumb/ukmhl/26/items/b21539728/b21539728_thumb/b21539728_0049.jpg,https://ukmhl.historicaltexts.jisc.ac.uk/media/zoom/ukmhl/26/items/b21539728/b21539728_jp2/b21539728_0049.jp2
ukmhl-b21539728-71,https://ukmhl.historicaltexts.jisc.ac.uk/elasticsearch/ukmhl/page/ukmhl-b21539728-71?routing=ukmhl-b21539728,71,67,b21539728,https://ukmhl.historicaltexts.jisc.ac.uk/media/web/ukmhl/5/items/b21539728/b21539728_alto/coordinates/71.json,https://ukmhl.historicaltexts.jisc.ac.uk/media/thumb/ukmhl/26/items/b21539728/b21539728_thumb/b21539728_0071.jpg,https://ukmhl.historicaltexts.jisc.ac.uk/media/zoom/ukmhl/26/items/b21539728/b21539728_jp2/b21539728_0071.jp2
ukmhl-b21539728-5,https://ukmhl.historicaltexts.jisc.ac.uk/elasticsearch/ukmhl/page/ukmhl-b21539728-5?routing=ukmhl-b21539728,5,1,b21539728,https://ukmhl.historicaltexts.jisc.ac.uk/media/web/ukmhl/5/items/b21539728/b21539728_alto/coordinates/5.json,https://ukmhl.historicaltexts.jisc.ac.uk/media/thumb/ukmhl/26/items/b21539728/b21539728_thumb/b21539728_0005.jpg,https://ukmhl.historicaltexts.jisc.ac.uk/media/zoom/ukmhl/26/items/b21539728/b21539728_jp2/b21539728_0005.jp2
ukmhl-b21539728-38,https://ukmhl.historicaltexts.jisc.ac.uk/elasticsearch/ukmhl/page/ukmhl-b21539728-38?routing=ukmhl-b21539728,38,34,b21539728,https://ukmhl.historicaltexts.jisc.ac.uk/media/web/ukmhl/5/items/b21539728/b21539728_alto/coordinates/38.json,https://ukmhl.historicaltexts.jisc.ac.uk/media/thumb/ukmhl/26/items/b21539728/b21539728_thumb/b21539728_0038.jpg,https://ukmhl.historicaltexts.jisc.ac.uk/media/zoom/ukmhl/26/items/b21539728/b21539728_jp2/b21539728_0038.jp2
ukmhl-b21539728-1,https://ukmhl.historicaltexts.jisc.ac.uk/elasticsearch/ukmhl/page/ukmhl-b21539728-1?routing=ukmhl-b21539728,1,-,b21539728,https://ukmhl.historicaltexts.jisc.ac.uk/media/web/ukmhl/5/items/b21539728/b21539728_alto/coordinates/1.json,https://ukmhl.historicaltexts.jisc.ac.uk/media/thumb/ukmhl/26/items/b21539728/b21539728_thumb/b21539728_0001.jpg,https://ukmhl.historicaltexts.jisc.ac.uk/media/zoom/ukmhl/26/items/b21539728/b21539728_jp2/b21539728_0001.jp2
ukmhl-b21539728-47,https://ukmhl.historicaltexts.jisc.ac.uk/elasticsearch/ukmhl/page/ukmhl-b21539728-47?routing=ukmhl-b21539728,47,43,b21539728,https://ukmhl.historicaltexts.jisc.ac.uk/media/web/ukmhl/5/items/b21539728/b21539728_alto/coordinates/47.json,https://ukmhl.historicaltexts.jisc.ac.uk/media/thumb/ukmhl/26/items/b21539728/b21539728_thumb/b21539728_0047.jpg,https://ukmhl.historicaltexts.jisc.ac.uk/media/zoom/ukmhl/26/items/b21539728/b21539728_jp2/b21539728_0047.jp2
ukmhl-b21539728-9,https://ukmhl.historicaltexts.jisc.ac.uk/elasticsearch/ukmhl/page/ukmhl-b21539728-9?routing=ukmhl-b21539728,9,5,b21539728,https://ukmhl.historicaltexts.jisc.ac.uk/media/web/ukmhl/5/items/b21539728/b21539728_alto/coordinates/9.json,https://ukmhl.historicaltexts.jisc.ac.uk/media/thumb/ukmhl/26/items/b21539728/b21539728_thumb/b21539728_0009.jpg,https://ukmhl.historicaltexts.jisc.ac.uk/media/zoom/ukmhl/26/items/b21539728/b21539728_jp2/b21539728_0009.jp2
ukmhl-b21539728-12,https://ukmhl.historicaltexts.jisc.ac.uk/elasticsearch/ukmhl/page/ukmhl-b21539728-12?routing=ukmhl-b21539728,12,8,b21539728,https://ukmhl.historicaltexts.jisc.ac.uk/media/web/ukmhl/5/items/b21539728/b21539728_alto/coordinates/12.json,https://ukmhl.historicaltexts.jisc.ac.uk/media/thumb/ukmhl/26/items/b21539728/b21539728_thumb/b21539728_0012.jpg,https://ukmhl.historicaltexts.jisc.ac.uk/media/zoom/ukmhl/26/items/b21539728/b21539728_jp2/b21539728_0012.jp2
ukmhl-b21539728-46,https://ukmhl.historicaltexts.jisc.ac.uk/elasticsearch/ukmhl/page/ukmhl-b21539728-46?routing=ukmhl-b21539728,46,42,b21539728,https://ukmhl.historicaltexts.jisc.ac.uk/media/web/ukmhl/5/items/b21539728/b21539728_alto/coordinates/46.json,https://ukmhl.historicaltexts.jisc.ac.uk/media/thumb/ukmhl/26/items/b21539728/b21539728_thumb/b21539728_0046.jpg,https://ukmhl.historicaltexts.jisc.ac.uk/media/zoom/ukmhl/26/items/b21539728/b21539728_jp2/b21539728_0046.jp2
ukmhl-b21539728-55,https://ukmhl.historicaltexts.jisc.ac.uk/elasticsearch/ukmhl/page/ukmhl-b21539728-55?routing=ukmhl-b21539728,55,51,b21539728,https://ukmhl.historicaltexts.jisc.ac.uk/media/web/ukmhl/5/items/b21539728/b21539728_alto/coordinates/55.json,https://ukmhl.historicaltexts.jisc.ac.uk/media/thumb/ukmhl/26/items/b21539728/b21539728_thumb/b21539728_0055.jpg,https://ukmhl.historicaltexts.jisc.ac.uk/media/zoom/ukmhl/26/items/b21539728/b21539728_jp2/b21539728_0055.jp2
ukmhl-b21539728-2,https://ukmhl.historicaltexts.jisc.ac.uk/elasticsearch/ukmhl/page/ukmhl-b21539728-2?routing=ukmhl-b21539728,2,-,b21539728,https://ukmhl.historicaltexts.jisc.ac.uk/media/web/ukmhl/5/items/b21539728/b21539728_alto/coordinates/2.json,https://ukmhl.historicaltexts.jisc.ac.uk/media/thumb/ukmhl/26/items/b21539728/b21539728_thumb/b21539728_0002.jpg,https://ukmhl.historicaltexts.jisc.ac.uk/media/zoom/ukmhl/26/items/b21539728/b21539728_jp2/b21539728_0002.jp2
ukmhl-b21539728-72,https://ukmhl.historicaltexts.jisc.ac.uk/elasticsearch/ukmhl/page/ukmhl-b21539728-72?routing=ukmhl-b21539728,72,68,b21539728,https://ukmhl.historicaltexts.jisc.ac.uk/media/web/ukmhl/5/items/b21539728/b21539728_alto/coordinates/72.json,https://ukmhl.historicaltexts.jisc.ac.uk/media/thumb/ukmhl/26/items/b21539728/b21539728_thumb/b21539728_0072.jpg,https://ukmhl.historicaltexts.jisc.ac.uk/media/zoom/ukmhl/26/items/b21539728/b21539728_jp2/b21539728_0072.jp2
